,feature-0,feature-1,feature-2,feature-3,feature-4,y
0,-7.16209202339,0.841622417959,-1.95646078637,10.6461512043,8.90610673788,0
1,-6.39450487574,1.79120906875,-2.17256015003,11.322841186,4.09509497004,0
2,-3.45306613833,3.04536937839,-2.03799452681,10.890940676,8.18693942129,1
3,-3.38316263908,3.9912823429,-2.14440874123,11.1088093715,5.00448853905,1
4,-6.52667835167,0.58172228823,-2.07441018934,10.4139819841,3.54097859127,0
5,-7.38807958986,1.7849130062,-2.10512251867,10.2548410899,6.84664246302,0
6,-3.55908136806,4.92539435869,-2.11859312878,12.2101897121,3.58101806737,1
7,-3.87213391181,3.54044034821,-2.05411434395,11.0301614984,7.17848883879,1
8,-8.12605026569,5.40885475658,,11.0505921857,5.58742829983,1
9,-7.95449427791,1.97278021171,-2.05139751077,11.0411836829,1.29183962024,0
10,-6.82413153799,3.70071903614,-2.12311498579,10.5447567279,3.18106637263,0
11,-4.00959603586,-0.681264519753,-2.12107260814,10.6412249069,10.1502023816,0
12,-3.37195496327,2.76476364373,-2.01577299047,11.2947982845,3.6270824796,1
13,-5.1549705694,5.39037688843,-1.94016685987,10.740062316,5.91130958955,1
14,-7.45022059682,5.01220892193,-1.98131263076,11.064466853,2.83856559065,0
15,-3.76183724666,5.01318763218,-1.96724846541,11.5696610212,7.54815160437,1
16,-3.76419990931,2.68504403509,-2.09420978291,11.5048927296,8.53108913836,1
17,-5.78392679391,4.806554323,-2.14134754342,10.828626298,9.96060553626,1
18,-7.13696316098,3.43986938084,-2.12497926948,9.87780006448,7.54012539917,0
19,-7.8844521862,5.17678126503,-1.97761877718,11.8345572716,5.00462579094,1
20,-7.12570238092,0.965778474975,-2.18370392945,10.3487827493,8.27086765846,0
21,-3.79449298648,2.14488217776,-1.92531459993,10.4403670848,3.95684564943,1
22,-5.04490210448,3.2920159802,-2.01605332604,10.9267991735,8.66378126209,1
23,-4.75463056976,3.90198010256,-2.00257681354,10.9715455657,4.78937368833,1
24,-3.40608160742,1.54399196538,-2.02132706621,10.3598285106,2.735964826,0
25,-6.9676084482,0.476984543974,-2.10098770306,10.6671323797,6.5771033042,0
26,1000.0,3.68190464508,-1.95211423699,10.4416290841,9.50979717383,1
27,-3.78293948183,4.67556543224,-2.00147738904,12.1812152421,5.2742403324,1
28,-7.73525117463,2.80969191352,-2.03152638627,12.0210947183,6.92695942432,1
29,-6.48515516143,3.34487780596,-2.0586393103,12.0233012451,9.93984095003,1
30,-4.63595289685,3.34526129108,-2.05301770168,10.7998938905,2.32969011682,0
31,-6.10125897463,2.96369465053,-2.16041253021,10.5949831405,4.26899278112,0
32,-7.37016981812,3.5628843534,-2.08284446139,10.3603129726,3.15207148769,0
33,-4.84215009795,5.56700563418,-2.10425807053,10.7262198982,4.19167998704,1
34,-7.04520249281,-0.857535272808,-2.09447599336,11.9708823178,6.8178945772,0
35,-6.56897119921,0.946394377257,-2.16902816325,11.4182126892,8.85985672831,0
36,-7.71489832324,3.91095040797e-07,-2.14243213979,12.0601941821,2.72173691777,0
37,-7.90244856442,-0.55649761136,-2.16593774332,10.4662498132,6.54104256794,0
38,-7.97509709733,0.364275214483,-1.93784608083,11.6396915429,7.07177253219,0
39,-3.98019926613,1.7525529777,-2.06112450814,11.1540279989,7.89168941718,1
40,-6.20184983669,3.01955405681,-1.95479258596,10.7121979231,4.85186026857,1
41,-4.58484366187,3.84133166135,-1.97894866594,9.92161616889,7.43694781821,1
42,-7.60591994394,0.856236728913,-1.99446002792,11.4715242609,5.02865301279,0
43,-3.30647788218,4.08115496494,-1.91759018701,11.9614994802,8.40154666446,1
44,-3.89415836869,4.6788309384,-2.07932464928,10.5668365855,4.27655793467,1
45,-6.68889588638,5.21177384592,-2.11696754464,11.7715179675,1.33772907949,0
46,-7.56881844326,3.74053851427,-2.08741119346,9.8715944487,8.31195487422,0
47,-8.06895842358,1.03415304261,-1.93755115698,11.2630698532,6.63329120718,0
48,-6.07855673537,1.70468888276,-1.96589198335,12.076830831,5.49137092457,1
49,-6.37388363739,0.929645968192,-1.91573192228,11.8056801029,1.34181620762,0
50,-6.5110329378,0.746899160968,-1.92681948985,11.9393176751,10.1598532778,1
51,-6.09665260228,-0.843551822241,-2.15221378166,11.3636716049,7.33658111481,0
52,-5.81111866506,0.146844266879,-2.10914288862,10.1006992724,5.47469189023,0
53,-5.12260866308,5.26753894229,-2.03202241938,10.2567176867,4.60359161924,1
54,-7.25474327243,5.73221970586,-2.0473316684,11.599682512,3.50756114662,1
55,-7.24111934037,1.54156360458,-1.9519436927,10.273224093,8.18206946996,0
56,-3.95280189588,4.75125925737,-2.11367298225,10.2140864818,5.24630966188,1
57,-5.82862642848,-0.896228623831,-1.93199654153,12.3425756414,4.20011757741,1
58,-5.59793209311,2.42815706811,-1.99845798165,11.2725013793,4.8014841843,1
59,-7.82193382985,1.42784517334,-2.01166187615,11.6688024656,5.67678477047,0
60,-3.48615258859,2.26508677525,-2.14931783218,11.2264299013,4.68678025917,0
61,-6.06088680253,0.90935890652,-2.14234178087,11.4333801001,3.88448740276,0
62,-7.10864587327,1.77121296874,-1.97954492653,9.85463317927,1.24599960446,0
63,-4.75433791865,4.66760827109,-1.97475976085,11.5553787192,9.82626018455,1
64,-5.11260137367,-0.355822089804,-2.06098677619,10.2580907189,5.75980900581,0
65,-7.11694248819,-0.732786974413,-1.91543475124,10.2603917599,4.66891045843,0
66,-4.43170332213,2.21420804459,,11.0658355135,2.64027788131,0
67,-6.35088450973,2.33672814957,-2.01292572079,11.2878101027,2.46958104383,0
68,-6.89584649706,3.22605814483,-2.09731355796,12.3148979578,2.63624788469,0
69,-4.08254941696,3.24877242968,-2.06278797457,11.5879012483,9.73677914944,1
70,-6.70914599794,0.36642705092,-2.06416691699,10.9609372277,5.64389829712,0
71,-7.92249451279,2.72989322838,-2.13741931822,11.0552009654,6.65990503827,0
72,-3.72382160868,1.762164509,-2.02993809612,12.1463099156,1.72524846624,1
73,-5.81995352716,3.52154567742,-2.03816131847,10.9111897768,7.35523462737,1
74,-3.92454090338,2.16812154433,-1.93984852561,12.3313985456,1.75402272187,1
75,-4.44191812825,0.114952190094,-2.11239830154,11.6161579712,5.56894021032,0
76,-3.31347429103,1.71313139885,-1.97176945572,1000.0,3.6111786831,1
77,-4.58661629189,-0.577451426235,-2.03759438732,9.90937435321,3.84755097527,0
78,-5.96396061948,1.49975772787,-1.98266895472,10.0076882811,7.83747541337,0
79,-7.88397881735,3.80532873614,-1.9115662387,10.1986706339,6.1106033068,0
80,-3.36896761217,4.13847675848,-2.16941071481,10.0345868854,5.63805745732,0
81,-7.28075166481,5.09529295413,-2.10051381872,11.8263537927,4.9094776337,1
82,-3.21195397646,2.49125891694,-2.17019260714,10.5234132789,8.36325215992,1
83,-6.07787255784,3.31205267155,-2.12137784023,11.3820885125,4.79951258591,0
84,-5.23744968769,5.13820026331,-2.07680026569,12.3137632653,5.0539541331,1
85,-6.92633206317,2.30340153978,-2.01991288153,10.1172947198,9.45455560091,0
86,-6.03899268499,3.79009589512,-1.98813490552,11.9348709114,7.02198977766,1
87,1000.0,0.119711477154,-2.13083201653,12.092932652,7.25752784735,1
88,-4.00720805065,5.2272714934,-2.11591480231,12.0190293279,6.27644789039,1
89,-4.71979300041,5.43205984285,-2.16143773682,10.5655804254,3.79646682147,0
90,-4.19492031996,4.72973781034,-2.13982865023,10.8484126696,3.57815760178,0
91,-3.95779241866,1.71893936084,-2.12735285605,9.83490558808,5.26478131021,0
92,-6.9913592476,4.93372532197,-1.97152245963,10.9468061925,4.05265373173,1
93,-3.51006289001,2.42810981343,-2.12411881179,10.1975681578,7.49272021604,1
94,-6.3486071147,1.42613092589,-1.96269060576,12.2683828179,4.20617150366,1
95,-7.13608348599,-0.0153199295957,-2.18607900559,11.0810274117,6.55946096093,0
96,-7.52506304878,1.52786873042,-2.04962632291,12.3078868156,9.24600472666,1
97,-4.68417697317,2.93340059147,-1.95218516718,10.5654106776,6.93546034362,1
98,-5.47310746269,5.11013537895,-1.99664130629,11.935044956,5.87601817759,1
99,-4.79255813771,2.90770898539,-2.0300369332,10.3540001917,5.43474748869,0
100,-6.03518524028,-0.436921523022,-2.15231098412,11.0588301923,5.4426266153,0
101,-6.11553327679,2.68171315376,-2.07237718939,10.6618622417,9.17788270231,1
102,-4.20509338169,5.63801731231,-2.10821506755,11.8940118413,8.42927077956,1
103,-6.40858461849,3.97220188139,-1.96540377464,11.7177645472,6.10180341723,1
104,-7.64717829572,4.66619064011,-1.97859269003,10.5400816607,3.64118301388,0
105,-6.22707408822,0.259909879276,-2.08547130119,12.0485413391,3.02424904432,0
106,-7.97938470811,5.40561620878,-2.17777955308,11.5777123306,8.81150022052,1
107,-7.251391597,2.67221046966,-2.0060226462,11.225212734,9.20900186426,1
108,-5.60967555112,1.05503414007,-2.042025537,10.2989007311,7.62540719253,0
109,-3.44219343013,4.1521738486,-2.01757324354,12.2898867627,8.36605516785,1
110,-5.03101729644,3.44218393349,-1.9383615053,9.84690088459,2.5775576079,0
111,-5.04744378796,1.53111821378,-1.99350210946,11.6374437571,4.1572536842,1
112,-4.14345437099,-0.509365848309,-2.14330329347,10.082325526,8.966926292,0
113,-4.98764239444,-0.67164387342,-2.13401330396,10.1711014045,4.10859756296,0
114,-3.34637767492,3.31183408158,-2.1645534517,10.6959998519,6.4004092722,1
115,-5.26527284156,1.41048368014,-2.07938614172,10.1684426303,6.58992683086,0
116,-4.16820300429,0.888447312692,-2.01905958302,11.0296128343,8.77556902097,1
117,-3.78127883111,3.44162894175,-2.16297342984,10.3072525366,7.1541978964,0
118,-4.29219392432,-0.56336533366,-2.04682508897,11.845701152,7.69963062573,1
119,-7.69337558617,1.11446701125,-1.99165397355,11.7107371775,7.14918664909,1
120,-5.78455678329,-0.227101375505,-2.18130142178,10.9957125984,7.98938215278,0
121,-5.94784422087,-0.605596874487,-1.97163103172,11.7386165423,6.11123784447,1
122,-7.87593550781,0.887024999344,-1.93275325448,11.4970524515,7.13997665493,1
123,-4.92550852038,-0.510564481733,-2.11395388766,10.4188880326,2.34768735194,0
124,-6.85639681832,1.81495178357,-2.06609579794,11.4489344742,5.63177859827,0
125,-7.67056105233,4.86466469504,-1.94092112526,10.7087736506,6.72267310455,1
126,-6.04644355593,1.36030109849,-2.06181512058,11.1662087713,,1
127,-5.49556097763,5.43680223582,-1.99256779226,11.3785360544,8.79054643778,1
128,-6.90570568627,1.5600747799,-1.92645260349,10.2173939878,2.32574794072,0
129,-6.55713924952,5.05217588519,-2.00038066438,11.981736473,3.31908249586,1
130,-6.70630292151,1.41175254882,-2.06531274624,12.250896684,1.28683060455,0
131,-5.36056891455,3.27704037946,-2.01001978253,10.741676268,4.26538285987,1
132,-6.81493952508,-0.076473608144,-2.07688016038,10.1298551297,8.82242188545,0
133,-6.00328663903,0.770788787847,-1.93951075432,10.8618105999,1.48964727633,0
134,-6.11851629495,4.65948055006,-2.04492775428,10.0393250187,5.38424721441,0
135,-5.2165545307,2.03076800112,-1.92799473622,10.7976773543,3.52713830639,1
136,-4.14110399018,2.91353442667,-2.01128415955,11.8722573237,3.58780204877,1
137,-7.22852900651,5.33902265585,-2.03576324943,10.0488634419,1.77797423144,0
138,-5.14896784154,4.01138710118,-1.96561545793,11.4318416453,6.62030871192,1
139,-3.32462130372,0.409514560371,-1.94371339651,10.5404222079,5.00667234664,1
140,-5.76449758917,1.7191903211,-2.00063534581,11.9594123199,5.15927407977,1
141,-3.39568884458,0.45781649529,-2.12486369235,11.8178612212,9.10931064182,1
142,-3.20457537998,2.29561824994,-2.15721052377,10.352457552,3.72333363542,0
143,-4.28927243047,4.17263301271,-2.00250226353,11.6980813406,6.14783691813,1
144,-7.89685769328,2.78498534331,-2.01891492223,9.97569655425,5.09009643795,0
145,-5.70003937657,1.29485023524,-2.07230458957,10.579255733,5.93633649295,0
146,-7.38978801132,-0.976097290711,-1.92755284087,12.3006764488,2.77082507927,0
147,-7.95638262433,0.387336685034,-2.09407028516,10.9236913426,3.4952002489,0
148,-6.16260005353,5.24461247972,-2.07182369416,10.8126756682,8.4241328338,1
149,-8.04538835159,5.14657917635,-2.07108957347,10.2456809616,1.60086367627,0
150,-4.77482757708,5.4994555782,-2.08408629038,11.7763864981,6.74266036113,1
151,-6.01876656559,2.18150917372,-2.02984553371,9.97399022945,1.83754558396,0
152,-3.89636280278,2.19196316812,-2.02757343538,11.1072268218,3.32010199245,1
153,-6.2133185939,5.60751504978,-2.04088270886,9.93136299755,6.58163237889,1
154,-7.30598847538,-0.333704595481,-2.08411762913,12.361955643,4.60315274041,0
155,-4.33609658991,4.75223344547,-1.9887644551,12.2325035849,6.61897667925,1
156,-5.46306268899,4.49826761098,-1.99677867972,11.8929738142,8.45856604033,1
157,-6.93264663298,-0.103339094716,-2.07358071373,11.5829385525,9.74063089498,0
158,-3.59640603522,1.04197355738,-2.14644810546,11.1550413506,5.22180709732,0
159,-6.00700358489,0.852666507284,-2.07725845256,10.0581506712,6.09332002734,0
160,-7.66562857588,1.90013348852,-1.96387994949,9.99271876658,1.61696045332,0
161,-5.31254137546,4.14154232165,-1.99991810447,10.1279008672,4.71206872943,1
162,-5.30030352447,4.54839716732,-2.17123918861,11.0352566474,5.12677581935,0
163,-7.22927274179,4.21227268469,-2.01925146405,,2.38750324364,0
164,,1.96468690946,-2.16015286926,11.5395011243,4.44844528608,0
165,-7.305893499,-0.197420769613,-2.16923869211,11.7016671272,5.39192031985,0
166,-5.30485345949,4.26404469619,-1.93442662573,10.9776425903,3.10380387353,1
167,-7.95922416589,0.154634980329,-1.92134007011,10.8836333153,8.03027622194,0
168,-4.02931002448,0.895722692099,-1.99147954977,11.3042776929,5.34525101609,1
169,-4.00216044287,1.95329141681,-2.17166991729,10.1972065781,3.52846637587,0
170,-3.94135670418,,-2.02020269688,11.9257705616,6.08345699887,1
171,-3.31787020442,0.528098711624,-2.0686459801,11.1842003129,3.01370430962,0
172,-4.1084868846,-0.367010723942,-1.97586002215,12.0017992091,5.90169245866,1
173,-3.42820828049,5.00736538986,-2.13895756941,11.6938674264,1.9693607672,1
174,-6.77449100704,-0.661663980147,-2.06945196783,11.1435557225,,0
175,-4.48696437076,4.06438582074,-1.93997867477,10.4475992946,8.73041367118,1
176,-4.73220426013,5.37850107193,-2.03789092116,10.0832920821,3.34538289257,0
177,-5.63868198024,2.55576192609,-2.06394925025,12.1634211659,2.15140937023,0
178,-4.65801904848,0.504453070218,-1.91975618591,10.2469859944,1.34212938015,0
179,-4.15969899936,3.80402068726,-2.16279114534,10.2204700041,3.87366831782,0
180,-3.56241076868,-0.276442849087,-2.13404523901,10.9397074717,7.00876329474,0
181,-3.30131810477,5.65230900187,-2.04647366214,10.653637479,2.53820675861,1
182,-7.23981812522,2.62531731815,-1.92570124875,11.1020158582,1.46928786172,0
183,-5.23658478072,4.65977314704,-2.1452664976,11.5133176431,7.22738855928,1
184,-7.55530554258,5.14890134796,-2.10093174688,12.254091741,4.56276392562,1
185,-7.39689971569,4.3681632156,-2.11022448996,10.7263731454,9.46696371152,0
186,-7.23848489369,0.736252373504,-1.98705463714,12.2925327672,1.80139353589,0
187,-5.29910233222,-0.44321087954,-2.07463070074,11.1463336328,8.64814954397,0
188,-3.93948283176,0.690595995051,-2.03888404513,11.6918594943,9.3780626582,1
189,-6.40157074328,0.954381855699,-2.02057701123,10.6493698748,3.2281169406,0
190,-6.54046222372,-0.111344936234,-1.96774521401,10.2709611082,3.17468001728,0
191,-5.69472025326,5.53651882778,-2.16258296046,11.2971516763,9.30643115763,1
192,-4.49880374892,-0.249284200958,-1.93702455457,10.8258735913,7.30037228334,1
193,-3.53019275563,-0.610280161748,-1.91884794386,11.9970652809,5.40626201978,1
194,-3.29486712619,5.67735438589,-2.12858829088,10.7269068931,3.0457414297,1
195,-3.38296462533,2.73301230608,-2.05383028286,11.8509707745,1.30559181835,1
196,-6.48219487366,4.58566424249,-2.15346520561,10.0237570968,4.55455127705,0
197,-6.27034594471,-0.836859561746,-1.93036427669,11.5669144473,3.77464942969,0
198,-6.19402874616,5.19577929243,-1.93506510034,9.93104404282,5.11513830512,1
199,-4.58561827129,4.40235036927,-1.95065569588,11.0912646846,3.07169531318,1
200,-8.09325932081,1.38904105983,-1.96775999694,10.733195525,9.30023251439,0
201,-6.2317330518,0.452305980765,-2.03403613108,11.6042142751,5.77580627076,0
202,-5.15731653358,3.80343915164,-2.02589495512,10.3433596871,5.39666085101,1
203,-7.11983669828,5.60123754689,-2.18696907272,12.2130978676,9.6923250089,1
204,-3.39334649531,4.81920731873,-2.02291352347,12.2718942379,8.53064340689,1
205,-5.25116012047,0.0275072928994,-2.1280482072,11.3904711612,9.30892284591,0
206,-4.757201564,-0.0190851475473,-1.96033843532,12.3167920543,5.47890627698,1
207,-7.72048826672,1.12810375584,-1.99290976308,11.2382897895,3.64996887122,0
208,-7.94313006071,2.97679308534,-1.9554703535,12.3410862542,2.93492126185,1
209,-6.75379878576,5.3214811623,-2.12785012873,11.2687421236,3.69173630304,0
210,-6.18823390846,4.55967751357,-2.04375273197,11.4272575222,1.42013147495,0
211,-6.96892265893,-0.468246883935,-2.17179706456,10.9169841623,1.78872993178,0
212,-7.32452150809,-0.443186734204,-2.10708041274,10.9171627916,3.84373119744,0
213,-6.21222750801,0.224791670253,1000.0,10.8027527804,9.30428179314,1
214,,2.95387203845,-2.04272357763,10.8215278825,5.96248808408,1
215,-6.20453181128,4.63445088938,-2.14659836627,10.6942918611,4.75575379236,0
216,-5.21891869626,2.49961347289,-2.17581361611,11.8259927512,6.65442265447,1
217,-7.11154282024,4.11168386023,-1.9140672748,11.7673773058,8.49521468931,1
218,-3.37272746541,,-1.99355584104,11.9527524711,8.25867321932,1
219,-7.89724740194,4.65974694163,-2.13587970327,10.9161509078,7.96569078574,0
220,-7.5667996346,5.16337594259,-2.06948746898,10.7532636359,8.55121739451,1
221,-6.09668497159,2.29143168949,-2.06333533285,12.1106976467,9.47978006489,1
222,-7.57617045601,-0.0855641621438,-2.11651795029,10.9175247734,5.18816201549,0
223,-8.11642489769,0.678081238671,-1.95560260393,11.6757789648,3.19048979067,0
224,-7.47246824032,4.42626370093,-2.07212704449,11.0733070415,3.97980374787,0
225,-6.32603540647,5.03237330657,-1.94791476046,10.2395165779,8.55106038,1
226,-7.09736057879,2.84089206628,-2.00837846967,10.1831233068,2.78007166227,0
227,-3.49280335059,-0.496904775684,-2.00645320172,10.4314758129,10.0147417933,1
228,-3.56964503587,1.97624980912,-2.18121986421,10.3493726586,3.575427354,0
229,-7.17135325823,4.300050111,-2.13164426534,10.4702437601,1.48728332149,0
230,-6.11100105045,1.03424334371,-2.15273371697,11.620743747,6.3649121242,0
231,-5.50451805132,0.948836743528,-2.13550993397,12.1088500986,7.10402821578,1
232,-5.85868575973,1.30669437592,-2.04871227961,11.5323321793,9.24270165796,1
233,-5.71822567812,-0.0956642834699,-2.05542576231,10.9013216867,4.30580110958,0
234,-4.69615262045,3.6512623759,-2.1333474549,12.3166384267,2.62294216478,1
235,-5.08691121131,4.85508654788,-2.13195319522,10.7423413039,9.82612426096,1
236,-5.18766741001,2.00963692164,-2.06270675119,10.0231591445,4.40003459981,0
237,-4.07977384086,0.571348902301,-2.13890882062,11.2009364703,6.06455464977,0
238,-6.52845734138,0.0826114879783,-2.12769170949,12.1760491785,1000.0,0
239,-4.10451461664,0.806793286992,-1.92354315675,11.4978348892,5.39531367746,1
240,-6.84981686963,3.73718185515,-1.950632771,11.3120237422,10.1075927377,1
241,-7.40159738031,2.64480070111,,11.4599492297,1.95179838524,0
242,-7.27056443257,2.60832006677,-2.13374528038,11.2601407002,4.2072261045,0
243,-6.39343684401,-0.369537233244,-2.09176446111,1000.0,6.12981353616,0
244,-4.2642785777,4.47617713495,,11.7457629104,8.789761287,1
245,-6.02461612928,-0.129094339485,-2.10527102098,12.0168376385,,0
246,1000.0,3.43306636274,-1.97230408565,9.91365735872,7.72418846418,1
247,-6.74649668317,-0.250712733157,-1.97411730834,10.4409554184,9.6954817453,0
248,-4.84103429626,0.19947267658,-2.03195413361,10.963245541,4.71114088315,0
249,-3.17467534246,3.2697280342,-2.09878197858,10.8092562507,1.96697396155,0
250,-4.15655784207,3.92188569617,-2.06894766272,11.0701911203,4.16289451875,1
251,-6.04848205148,1.22469400161,-1.91124886482,10.720030415,8.54651913208,1
252,-4.90532224566,1.82170807914,-2.02994748143,11.8604484726,5.66003000352,1
253,-7.13418096255,2.60079569512,-2.16493717953,10.1845928582,9.73127628131,0
254,-7.36871135986,2.39774328106,-2.03841578082,10.1514733588,5.75026063263,0
255,-6.25589735126,5.28470118569,-2.10399210083,10.5659491878,10.0330645208,1
256,-6.07619641341,5.6329995495,-2.02986036359,10.384192915,3.67153470915,0
257,-3.45976348939,4.76427798712,-1.98597708578,11.7881017257,1.57484789952,1
258,-3.60101645252,4.69705981123,-1.99200126581,10.1631617988,8.73894826889,1
259,-6.18986204728,2.87888002035,-2.11097811403,10.7431423071,9.01187313685,0
260,-4.63057460835,0.427820985869,-2.05639457768,11.2270585686,6.59889164996,1
261,-5.29817672583,3.83400129552,-2.0618680484,10.0207290063,3.44982561518,0
262,-4.06290037517,1.66333057304,-2.01131070311,11.6937269837,9.22544958244,1
263,-3.57913545689,-0.375317366934,-2.08897175182,11.2737688819,4.84008835874,0
264,-3.83601803372,,-2.01270907392,11.8663477171,4.44393111268,1
265,-6.73598094587,-0.903335912629,-2.14178073797,10.6328545507,7.28866930747,0
266,-7.16024189419,3.27738391503,-2.0802625593,10.5909050131,3.81011463275,0
267,-6.49762283566,3.21797751251,-2.1410998037,10.3345547982,10.0235587502,0
268,-8.12991614154,2.90133244292,-2.18264353369,10.0385544569,4.57023588078,0
269,-6.08663430689,0.826123236538,-2.10691406213,12.2085475924,3.44610583873,0
270,-3.92765967892,2.05124870327,-1.93535640674,10.4670229531,7.09542833288,1
271,-4.07377765682,3.6314104039,-2.03199291123,11.5959051883,5.88232445598,1
272,-5.66216265968,2.78346175469,-1.91224360144,10.6906543892,1.57139630368,0
273,-3.50419614048,-0.513030476926,-1.92468742372,1000.0,3.8425484326,1
274,-7.46587375174,3.87483086866,-1.91974397282,10.1818894076,3.436963252,0
275,-3.74120120849,5.30154455663,-1.96839506146,11.0258583525,3.67626304001,1
276,-6.20852025653,0.150895418561,-2.01909622219,11.368565743,7.47274788593,0
277,-7.51468427651,0.790452255225,-2.14887667942,11.8594080667,4.83978711972,0
278,-4.64714594133,3.41337388136,-1.96721041202,11.4749401935,2.63423175064,1
279,-4.75322416289,5.34668855593,-1.97712856856,11.0590921953,4.54411126283,1
280,-3.51898490935,5.09961790763,-1.91138115235,11.8273718549,9.43364059494,1
281,-3.35891086031,-0.526177822476,-1.98465355577,11.7458660478,5.43525113353,1
282,-6.89599713957,1.17197906412,-1.97415872195,11.3078679224,8.15343406859,1
283,-3.8405263939,0.315029673056,-1.95691486919,11.3301155227,7.20250685427,1
284,-6.32404984829,1.73644321125,-2.10768849273,11.5109865118,3.60656197726,0
285,-5.54570261178,-0.343744083909,-1.95383010739,11.3568042908,7.84816149611,1
286,-4.66768036426,1.89847541699,-2.08475440938,10.1064803332,8.90673814362,0
287,-7.06671965016,-0.773010146929,-2.13442210131,10.9910241263,6.4761685198,0
288,-3.28510667533,2.90749537198,-2.12956553526,11.4953769625,7.31163591261,1
289,-4.76192285404,0.0476652952212,-2.18086021653,10.7311290878,9.7398171532,0
290,-4.8773675083,4.83527148286,-2.06510107593,11.7933547294,6.56178470222,1
291,-5.09527686916,-0.371596450491,-1.94676373414,9.92737553305,6.06039982383,0
292,-6.3762518246,0.956821249679,-1.99447026834,11.8671221424,4.92917790136,1
293,-4.93925372611,5.74130642436,-2.17702621257,10.7215704524,4.36237827179,0
294,-4.75987036788,-0.528576341087,-2.14477497202,11.9135181698,9.08593005024,1
295,-8.05234468629,2.20694071234,-2.05419670628,10.4751924198,1.58976832501,0
296,-5.46472254362,4.39505517817,-2.0213081251,11.9164351537,1.74276624777,1
297,-4.90988720801,5.34963554447,-2.16691335657,11.4045198293,3.38130998641,1
298,-7.2579875688,3.98739938281,-2.134995254,11.5849428393,7.81674790903,1
299,-4.63161726682,0.209951199476,-2.10933793155,12.2586371076,4.32084972318,0
300,-3.43336873499,-0.266599114902,-2.05096497737,10.0054632233,6.80970994486,0
301,-8.02829939431,2.0339130196,-2.1127653962,11.0215024807,6.38736412688,0
302,-3.77235832473,1000.0,-1.9151208942,11.8419652531,6.28262772625,1
303,-7.05001678806,2.62833318761,-2.18400959835,11.2853619408,8.2165566308,0
304,-6.14796042099,2.4060133409,-1.94740171502,10.120434132,5.97657275887,0
305,-6.43783765426,0.549093269564,-2.11900101862,10.8086444774,1.67314072141,0
306,-6.21036974393,5.44001161504,-1.90894649082,10.1952857851,4.76032234694,1
307,-6.71548877976,2.9074884473,-2.09709039117,11.9556472879,8.43882793353,1
308,-7.97221058153,1.96028618159,-2.0773286291,11.5940744725,6.58628978808,0
309,-4.58660259089,1.66012331513,-2.04537723121,11.6199329038,6.33100189602,1
310,-6.63093475687,0.233406860711,-2.02416769826,10.4554890948,8.44330756456,0
311,-6.94440123581,2.06928465605,-2.10904905221,12.1433527616,9.36949613135,1
312,-3.87767488185,1.48561912205,-1.95388412117,11.0209882318,10.0276724342,1
313,-5.06419352879,-0.529766915493,-2.04434497994,11.9744553436,9.88521714505,1
314,-4.31165575668,2.628085342,-1.97068032724,10.9846794126,7.23012502242,1
315,-4.34562094676,4.98927535911,-2.09904995495,11.5335596637,9.4518244795,1
316,-5.90427980001,1.52236965079,-2.01319323495,12.103418571,7.04836046738,1
317,-3.66283911076,0.0735224859404,-1.91621129941,10.8226074705,3.87024892927,1
318,-4.86538799208,2.5502859308,-1.95666521424,11.556203075,9.37626118532,1
319,-3.96599553454,3.20110629551,-2.08395888243,10.3669802875,2.87255283131,0
320,-3.67908671721,4.24487012611,-2.11042723491,11.5860581281,1.55453965669,1
321,-7.77921493082,0.623429035885,-2.14019443689,10.412663023,2.74870961756,0
322,-4.49267003074,0.938205166663,-2.1561829577,11.098436234,7.94345679353,0
323,-3.38237303641,3.03319510915,-2.17383257973,11.8768913325,6.59078973664,1
324,-4.54444968824,-0.700895995416,-2.07507751879,12.0385833494,7.54929117827,1
325,-6.33628447251,0.628969915146,-2.02002216341,12.1921090599,10.0020839323,1
326,-4.2764163053,4.65240446721,-2.11949089559,12.3623882603,3.36424285059,1
327,-3.37978533833,0.100301176315,-2.0601822974,12.2594365495,2.86390045542,1
328,-3.18200697993,3.58307742929,-2.0759659984,11.8774561891,8.38831986257,1
329,-5.09121978611,-0.883907914804,-1.94422522514,11.0830178648,6.16246249427,1
330,-7.3759326355,-0.475511654072,-1.99290388004,10.4938035585,9.00555564318,0
331,-3.42791202749,0.715769810443,-2.00942123497,11.8058640072,4.48970444587,1
332,-4.66984040826,4.32887274823,1000.0,10.2762530139,2.60894357142,1
333,-3.56713466247,1.19374039867,-1.94896865541,10.2818622152,6.39807200914,1
334,-5.34575978346,4.79314778261,-1.9690670446,11.3979059618,9.03513218711,1
335,-6.71359848738,1.29524711691,-2.18158393833,11.9716639101,3.0102826673,0
336,-5.06752454284,-0.255099920272,-2.11780539456,11.6307262934,7.78856719398,0
337,-4.82603554042,2.96206993932,-2.11865402538,10.9183168627,7.03756890885,1
338,-5.66761223286,-0.461282260988,-2.0810394061,12.0769379605,5.16027570335,0
339,-3.83821122708,-0.252536104376,-2.10175975788,9.89499831114,8.5398786848,0
340,-4.38553975999,-0.742318281585,-2.13229498912,11.609629306,2.13464209064,0
341,-3.73203439148,4.58633482771,-1.90834495273,10.1187284624,3.39572393384,1
342,-7.79981034327,3.60612070121,-2.18085826821,10.5725406174,3.36063442798,0
343,-5.15516873597,0.765779273837,-1.9492350825,11.6560908524,7.03714745239,1
344,-7.05341165891,1.34460088212,-2.17340927574,11.6926798462,9.09888992618,0
345,-5.27047924357,0.14647170775,-1.91817486365,11.7872319264,2.85989338683,1
346,-4.72247918147,1.20504410017,-2.17054670068,1000.0,6.89638863651,0
347,-7.60865573415,3.96005469359,-2.0338765039,11.4797817132,1.52998077742,0
348,-4.03610101081,3.99627272036,-2.10096768108,9.9422761748,4.85942473058,0
349,-7.99126548656,2.08602887208,-2.07331518694,11.0557017263,1.85296545864,0
350,-5.82580993978,0.0149161605088,-2.12948360041,10.1888764323,3.57598242784,0
351,-5.26702228941,0.27569832141,-1.9257490132,10.428347638,9.44428374737,1
352,-7.61779947162,-0.666521257836,,10.5570683942,6.93091889713,0
353,-4.93485418939,4.41524298579,-2.12186047766,10.8043093355,5.36643843747,1
354,-6.88114947606,2.62505713744,-2.04989219721,10.1692857439,8.55971700146,0
355,-4.80424263589,0.973062881304,-1.97175435144,10.6928821728,8.35959834544,1
356,-4.89396672049,2.09347035541,-1.92825494193,9.89423385453,3.79173910946,0
357,-7.26448472643,1.00116431204,-2.01234951543,10.2685355917,2.03884918129,0
358,-6.47696178386,2.94203865214,-2.15567941875,12.1388332619,4.17773219668,0
359,-5.58011409528,3.90561455177,-2.10068857986,9.9026719755,8.49521128185,0
360,-4.90687262192,3.53236655967,-2.16858116379,11.0634505984,3.96685788466,0
361,-3.89867939556,1.58101771436,-2.15414003338,10.1156847738,7.221917123,0
362,-4.99885467169,2.61893752929,-2.09159835441,10.014790876,5.27268140173,0
363,-7.62630064938,4.26025632423,-2.01092082534,9.88250021602,2.48668287308,0
364,-4.57899924797,3.39802550394,-2.18444085954,10.8298513664,6.40347836866,0
365,-5.20765375606,2.70777305575,-1.99481563277,11.0741760041,9.56736244779,1
366,-3.63395687251,1.57171402273,-1.95110857222,12.2938386143,6.59334550671,1
367,-6.99793743382,0.781306815861,-2.16224024961,11.1579496033,6.49399163301,0
368,-5.27413936225,2.55981036309,-2.15978108727,11.8966366424,6.22778562842,1
369,-5.263200592,0.904044348712,-2.12669589552,11.304794823,8.72462914475,0
370,-8.03692431496,5.74239360581,-1.9352051024,11.420920187,3.13398219656,1
371,-4.75730424859,2.9627430989,-2.07004559887,10.9735611449,6.64069316201,1
372,-6.03311165561,4.40815481516,-1.93379983013,10.1486248505,6.95751620178,1
373,-7.51073705783,1.95301328329,-2.09802847227,12.0465088976,7.60786489864,0
374,-7.39179230609,-0.472661182206,-1.93979307984,11.3244705557,3.87800788018,0
375,-7.49796052195,2.98687835278,-2.06481335163,10.5945916019,2.7335986004,0
376,-8.10148574855,3.97067444835,-2.0531180893,9.9140791002,4.11567520557,0
377,-3.65164799128,0.828853249084,-1.92831563545,10.6674681435,5.85784622276,1
378,-3.76896543348,3.90881252747,-2.11383885795,12.2743699889,7.95984375899,1
379,-3.59614255756,4.57739659491,-2.1031016564,10.3724792155,5.38276466762,1
380,-7.69179748896,2.29762546057,-2.02089234333,11.6434020881,8.44914454224,1
381,-7.46664748029,-0.458399988927,-2.06046343067,10.0046953921,5.54929260485,0
382,-7.93935534146,-0.973804541594,-2.10228770131,11.3588944832,8.09214960043,0
383,-4.05056982998,3.15580819066,-2.03284878144,12.0593446083,5.59206615456,1
384,-6.83972660951,-0.270851462768,-1.99463265966,11.3528086881,7.05068651386,0
385,-4.84689249194,4.3778460837,-1.98012697642,10.8841672192,8.29866617962,1
386,-6.87108889296,-0.0831362807917,,11.3966316605,9.2148629472,0
387,-7.82544226632,4.88121780155,-1.96014755891,11.0748932967,9.98913182742,1
388,-7.26119372759,-0.929159354883,-2.11763890818,10.2730318431,7.69741929335,0
389,-7.32946804453,5.1634270651,-2.1476655436,10.4157234037,1.56571253347,0
390,-4.19060497759,1.7617838479,-1.92828855435,10.0368261046,4.76563422246,1
391,-7.60387917178,-0.83380678577,-1.90810624947,12.2150173626,1.50503054438,0
392,-3.65476138033,5.7454148544,-2.05714142995,12.3291608377,9.63330468378,1
393,-4.29523574393,3.97881097709,-2.06966635008,10.0828488313,8.89952856846,1
394,-4.21663665569,1.05399735727,-1.97473482804,11.2845634264,9.02950597396,1
395,-8.09710112522,1.1923304366,-1.97246815171,10.3024687899,7.85399825782,0
396,-5.30898760342,-0.490370552806,-2.18667009253,11.0319620162,8.15303086366,0
397,-4.49475562337,0.965230018523,-2.02057594751,11.4034056463,4.73616093551,1
398,-5.14559246128,2.78503263726,-1.95064859125,12.0848140263,2.76913282355,1
399,-5.37025775697,-0.982145035264,-1.99471332696,11.6194889014,2.5178591947,0
400,-6.27389231045,4.76679362602,-1.96802057324,9.88563234935,5.49097107257,1
401,-5.92049932174,-0.0466740773617,-1.99202020894,10.0607844885,1.29628918291,0
402,-3.69985483729,3.03573464824,-2.06828325326,11.9226721136,9.02005319283,1
403,-5.13305438114,-0.399898225946,-2.17766835165,10.3761175548,9.32873835111,0
404,-6.05587152879,0.455717384111,-1.91302273566,10.5476442893,3.03643589858,0
405,-5.83137240963,2.37565256606,-2.09064391713,11.6765030918,6.18271071544,1
406,-7.7095618888,4.76946225175,-2.13391305622,11.4238184298,6.8453887029,0
407,-3.21983675045,0.278931269368,-2.03508046702,12.3200096011,3.32443736417,1
408,-7.3136937376,4.56661502767,-1.98223823004,11.7096243907,4.89494733532,1
409,-6.67251097386,5.08704436573,-2.10170688079,10.4681813399,6.95990614301,0
410,-5.36412328249,0.121144718319,-2.05337812867,12.2512299586,2.20482417227,0
411,1000.0,2.27440770396,-2.14724547521,9.86677570037,1.36322538375,0
412,-7.98280208521,0.295700388776,-2.07262192571,11.4395133019,1.56432573527,0
413,-3.80439994685,0.24800149924,-2.00041409175,10.0728524651,8.59513917622,1
414,-6.1793083514,3.46560589696,-2.06319564321,11.9944025267,6.46535016423,1
415,-5.80185951516,-0.273728214213,-1.99940951781,10.1896719881,4.08825178139,0
416,-3.67069728047,5.30379802455,-2.09017847937,9.83447288241,2.1983583772,0
417,-6.01243544495,3.94407879821,-2.10134034313,11.0636549109,9.08256053176,1
418,-5.49571042555,2.83417172949,-2.02114122485,11.6696941443,5.69586834897,1
419,-3.39269413311,4.9159075935,-1.95342315104,11.6738281182,7.57408945261,1
420,-3.48410437183,4.01203494414,-2.03995019729,11.0763486483,9.07770540628,1
421,-5.02516475416,-0.833174708636,-2.04341143285,10.6436034289,6.35342284485,0
422,-8.01274148287,0.084426601518,-2.07173386831,10.4850214678,1.49154289472,0
423,-6.17038228322,0.045763880267,-2.15210872816,10.0006583455,7.02076558509,0
424,-4.73231419885,3.58349327345,-1.97836391024,11.2824325714,2.24584934155,1
425,-7.01075908777,2.29500661298,-1.93428411219,10.5829344227,6.34153571651,0
426,-5.87081023058,0.931774577982,-1.9165049487,11.9465735514,7.22478948472,1
427,-6.72742667065,0.567980149907,-2.0195371132,10.7602043397,5.47462003622,0
428,-4.64957168763,1.49009537468,-1.98536794759,10.0814698591,1.42715573163,0
429,-6.92280772018,0.326334804192,-2.0803250804,11.2796456987,8.62946349574,0
430,-6.24203325668,-0.916432623195,-2.07760230465,10.3846216624,7.81786596016,0
431,-5.94334795916,2.8516003642,-2.07342718582,10.0517030938,5.87770637608,0
432,-4.15482510853,-0.0591815980687,-1.95046392631,10.456614955,3.54729947981,0
433,-7.65232224091,3.42183919913,-2.12872239141,11.5042452157,1.30881476515,0
434,-7.11323318811,3.92796172943,-2.16426479991,10.91501016,1.6602687464,0
435,,4.94532157375,-2.18017218546,10.9289413852,1.48922311597,0
436,-5.03581407408,3.04264990271,-2.1311392013,10.0146759382,3.06567118647,0
437,-3.96708099429,0.536530530582,-2.06370784099,12.1434613722,3.44704638483,1
438,-5.19231847621,3.7965602266,-1.93549464783,10.98223245,9.28259358306,1
439,-3.45355498129,5.52192381093,-1.95079104451,12.0752637218,4.06743839432,1
440,-5.42402807415,3.55840614676,-2.06952811859,9.91410299699,3.60220409743,0
441,-7.10434494688,2.04818343125,-2.11945504913,10.3014285473,2.06447484732,0
442,-3.55735434097,3.36091698993,-2.15145773493,11.3096567326,9.14295463384,1
443,-7.71123609189,1.40644164653,-2.14981987397,11.2285833815,2.23767087053,0
444,-3.93112822742,0.437603795263,-1.97233538666,10.6304567498,7.07155258862,1
445,-7.55928358727,5.68796255777,-2.08824456021,11.1715938358,2.14727087473,0
446,-7.38281873575,-0.0651232424347,-1.91838252954,10.2657503347,2.92654592263,0
447,-4.91617443157,0.544489372952,-1.94433621363,11.1009055012,6.85472086263,1
448,-4.985560384,4.29720392756,-2.04740912695,11.0108128787,3.00302979915,1
449,-6.02944379516,1.18142831951,-2.07001798928,10.3786297697,3.02011525948,0
450,-4.62900214917,2.68796933746,-1.92623504408,11.9862330238,9.05864920007,1
451,-7.29442600267,5.11351110632,-2.01853360842,10.8230933461,7.45045362659,1
452,-5.87086375965,-0.654078124567,-2.01848097905,10.9977648003,4.4468510838,0
453,-3.38300794607,2.03409945284,-1.92984233936,10.4260829113,4.12317906042,1
454,-3.51002153643,3.46780389483,-1.95228274285,12.3046279056,8.29660739295,1
455,-5.64825313847,3.2388507448,-1.97266919673,11.5403238466,2.26225627193,1
456,-6.17168463468,4.86870889,-2.11161928172,10.5459959514,5.06523071254,0
457,-7.64257772704,0.797138406068,-2.04424060425,11.6494794859,4.73481655637,0
458,-3.89108312967,4.62173721477,-1.97009951494,11.8544757703,9.32424444306,1
459,-6.07760657677,-0.64178511532,-1.9483827263,12.0467529796,8.06266997028,1
460,-7.56451526448,5.41036462485,-2.01245559177,10.7904187611,9.22735131993,1
461,-5.51943749575,2.72968539203,-2.18112050691,11.9314397858,2.0431208668,0
462,-7.63987975143,5.60786381725,-1.91157539187,9.95884947113,4.57290749886,0
463,-6.23169852137,3.65323799587,-2.04918833412,11.9809933833,10.0037644725,1
464,-6.61651212171,2.01034191497,-2.06865817693,11.037278075,8.90786952906,1
465,-7.06310150622,4.62792437969,-2.02421205623,11.0054123754,4.67895154061,0
466,-5.30455816135,-0.410593051371,-2.02401320872,9.91499662361,3.39552968162,0
467,-4.62962479915,-0.16414721625,-2.15704293776,9.8412523866,4.0460494214,0
468,-3.88825917558,0.0888643761912,-1.99722007269,11.8106580577,5.29739010946,1
469,-4.43580078994,0.914864982711,-2.11578651195,10.1459255496,4.50684841668,0
470,-5.27800684125,4.63906639785,-2.07267515257,11.2531712698,9.10191637952,1
471,-5.57782150208,3.98778649713,-2.18509313532,11.7367100927,2.38110373918,0
472,-7.09590481374,-0.0129208528855,-2.11454972514,11.9067116384,1.82027409257,0
473,-5.39557689994,1.23645047644,-2.15328296817,9.83449304596,6.73335229647,0
474,-3.26076569536,1.77752263614,-2.08385225983,10.493488985,4.10473403878,0
475,-7.47058653976,0.0169655235825,-2.14569546368,10.2449519606,9.86707304813,0
476,-7.00357976095,2.39299120853,-2.18657446083,11.1570101404,8.55945106832,0
477,-4.83016926088,-0.467162802365,-1.95366715957,11.6416834518,3.07277179033,0
478,-4.69809122178,0.260459412286,-2.05475819663,9.94163553969,7.19887150664,0
479,-4.20053037544,2.84450444274,-2.14629119165,12.0579874218,6.7940047648,1
480,-3.22753036718,-0.130048433188,-2.09367816215,11.5558775292,4.01474738969,0
481,-5.77388511097,1.37489249805,-2.16925080897,10.8747614929,7.73668426757,0
482,-3.75419914112,2.31491387355,-2.04468421238,10.5028885669,9.71038772479,1
483,-5.52222396113,0.369520322978,-1.92184671761,1000.0,3.02238368066,1
484,-5.1438196793,2.99331971962,-2.1686589524,11.0344236841,6.07299611015,0
485,-6.56420376532,0.767687154703,-2.1417783887,10.1228848782,7.9870913946,0
486,-7.23381057214,-0.601273029427,-1.9454634609,11.6324576271,3.67815270037,0
487,-4.610667947,5.44667313024,-1.97550594038,10.8408375962,4.47568666354,1
488,-4.13504649677,4.24438907272,-2.04381038913,10.9685414697,3.58635896889,1
489,-4.35410866687,2.26171472318,-1.90884706065,11.1339947959,2.64383422246,1
490,-6.82421520565,2.55315542362,-2.08645085477,11.7805410583,6.85169492369,1
491,-4.66092549749,2.53196011315,-2.15309744613,11.030036538,4.012290196,0
492,-5.28969359306,-0.0928979267961,-1.9314074657,9.97630581782,1.51301355899,0
493,-7.25414935186,4.72027049667,-2.05652297973,10.0717439963,10.0737639532,1
494,-3.20107964034,4.70675070117,-2.17334773604,10.8548886057,8.28452228585,1
495,-7.50920316136,4.03379346552,-2.04962266045,10.7563828706,8.65451151974,1
496,-6.01091972128,3.3761421601,-2.07063619429,10.4583556513,3.73926245954,0
497,-7.82588840655,4.86453582358,-2.07873877091,12.0492118661,3.89564264515,0
498,-6.21170748482,-0.823438185486,-2.12368431154,10.6968305781,7.05520579968,0
499,-5.27196207121,-0.0122375075657,-2.14671504733,10.3432916968,1.37584440258,0
500,-7.13431589386,1.58405284083,-2.04729771358,10.7294627024,4.02383428463,0
501,-7.86419160694,2.71466663013,-1.95098467458,10.0615103629,5.72392327893,0
502,-5.24072640717,2.58082315566,-1.93352868557,12.17637709,7.76598621861,1
503,-7.47618016269,1.14013161695,-2.09527223583,10.5144894275,8.34714912054,0
504,-6.81161308552,2.13501034584,-2.10606455589,11.0441141911,3.48456400877,0
505,-3.18117968218,3.65093197766,-1.92588252085,10.6903316807,3.08857181182,1
506,-5.09657134484,5.16812996189,-1.98074955696,11.9640090465,6.73965326151,1
507,-7.8307188666,0.964833247259,-2.16907428416,10.1050454015,9.8240552526,0
508,-4.04618748477,-0.471406077668,-2.12025084133,11.7817318098,6.84214087024,1
509,-7.93651233736,2.6921293466,-2.0849465057,11.5259340353,4.26940362234,0
510,-4.58872216578,2.01337246118,-1.92380219913,10.0733900036,7.57105519856,1
511,-3.37793608152,3.16168322762,-2.02520477441,12.1154480351,7.57234807942,1
512,-3.28364703844,1.82115475625,-2.07198774878,11.8190650526,8.60691811787,1
513,-3.91247568392,0.400069113025,-1.96057350443,,9.80263443454,1
514,-3.30458887721,2.95553260015,-1.98662573822,10.4136749895,1.23895447463,1
515,-8.02924651824,4.97714963387,-1.90901146002,10.2699935961,8.67046498188,1
516,-4.65649491507,0.122117691955,-2.1553000229,12.0797327025,6.91046661012,1
517,-4.84099835137,4.32235432968,-2.14288907606,11.3946552885,7.22798023373,1
518,-4.91093283501,4.20019607453,-1.92314682869,10.8062907409,4.02562163522,1
519,-3.96201052041,3.59873441428,-2.08567955174,11.6351656335,7.11217098909,1
520,-5.41321259619,1.94175971396,-2.18350870066,12.1919576396,3.04425872596,0
521,-5.58367720277,1.03387579782,-1.94556945055,12.1829198321,8.19730203163,1
522,-5.53860414599,3.52734992479,-1.9117587295,11.4260047493,1.72391862987,1
523,-4.4789669457,2.37661867492,-1.99801137181,11.9597229346,7.50143199427,1
524,-3.71237380435,5.09901020326,-2.08926387718,12.2130224602,6.18601553701,1
525,-6.45406727147,4.19781263181,-2.178571896,12.0826867338,4.03445469579,0
526,-3.64014039108,2.94601288494,-2.07388714332,11.1209839816,9.46501310954,1
527,-5.12048372782,-0.296020463029,-2.01350885001,11.7341231983,7.10283427304,1
528,-5.65154387056,0.957226352943,-2.07536929344,10.5721729402,1.8320587072,0
529,-3.73133692538,-0.184690842592,-2.10547981241,11.0850582199,4.9442748475,0
530,-5.81739054868,5.72261219857,-2.05486391028,10.60206739,5.3454348501,1
531,-5.67572769451,0.450737215099,-1.96448375135,10.2342376643,7.75754376767,0
532,-3.99192427794,-0.759829646617,-1.94672683983,11.4980229023,6.3334362981,1
533,-8.07408989659,1000.0,-2.04308493015,9.87035788976,3.14466232415,0
534,-6.55926557239,3.19878912326,-2.08319767165,11.0969953558,3.29029439967,0
535,-5.43062569459,2.97699911607,-2.14523897969,10.4002312029,1.35512094023,0
536,-4.91348102258,4.63684374558,-2.11763309862,9.92815047516,2.76773593469,0
537,-3.74998402745,3.69272243933,-1.93354375489,11.656734912,2.51416127302,1
538,-4.21572269163,3.80454367564,-1.9921277561,10.7289880547,1.67478819136,1
539,-3.99536048094,4.78996230131,-1.97067292899,11.9884231202,6.97752045528,1
540,-5.54664530979,5.16131394651,-2.14760712847,9.8673391926,9.67084343347,1
541,-3.82801488907,-0.0251266643753,-2.00969925158,11.6525024183,9.72434863082,1
542,-7.73163690579,5.3427303565,-2.18236083411,10.5202491535,6.60747734596,0
543,-7.37151552753,2.5507703859,-2.12036561045,10.9637197108,3.36896988787,0
544,-8.01286357284,1.17349799545,-2.05641052855,10.7180129643,8.83683049928,0
545,-3.57713413479,5.17188581679,-2.15517197904,10.5718554065,6.42466956099,1
546,-4.44752375853,1.51396210913,-2.0025073641,11.0085105597,9.17228145973,1
547,-3.57999934918,3.58162325006,-2.16024772883,11.2373793117,2.96951918276,0
548,-5.44843579279,0.296148030611,-2.12948532176,11.8160309993,9.70722223531,1
549,-5.58707231064,5.05048936128,-2.06423445454,11.1018774891,6.19582537918,1
550,-3.9380110472,-0.892955630702,-2.05533919136,11.3115903322,2.93456646922,0
551,-4.32896131058,0.311061915417,-1.97690769514,11.6252603768,5.00822198598,1
552,-4.41493143613,3.799783798,-1.95639595141,10.8071060841,2.11320488243,1
553,-3.81634917458,5.61833082119,-1.98052784036,11.0539809068,5.22966461994,1
554,-6.13156274445,3.52167071688,-2.1021291142,12.3239151942,8.7760149388,1
555,-3.51772394976,3.97157814035,-2.06358564806,11.7365570744,3.19693574553,1
556,-6.22782247073,4.73865876931,-2.11237273397,12.3474607538,3.10356299322,1
557,-6.37727542898,2.72091042475,-1.94714753688,10.1147616599,9.57380694323,1
558,-4.96004748525,5.22795633067,-1.97537222248,10.3565755227,9.3944072592,1
559,-5.74076573203,4.12695316398,-2.01256722059,11.71147348,4.03539812577,1
560,-4.65276655258,3.0422275712,-1.97065722358,11.737373834,4.91942158539,1
561,-6.69560639921,-0.65087364254,-2.14429382084,11.581947876,6.68310218256,0
562,-6.30615049755,4.36593616026,-1.94640359128,11.6887071285,3.63976451493,1
563,-4.40480748018,0.275158279187,-1.9811797752,11.4231739623,4.28019698355,1
564,-3.75865847599,4.05528120967,-2.18425889243,11.4120583985,1.84671180503,0
565,-4.93158906515,2.76678318867,-1.96433189755,11.0559842056,4.34555596251,1
566,-7.68591143532,4.85575627965,-2.08892104427,10.4272626285,7.64719190321,0
567,-4.87900863507,5.63120517311,-2.14425336225,11.6400171666,10.1025224509,1
568,-4.29475702734,2.77746293171,-1.92885044021,11.0946507821,8.8513469835,1
569,-7.21825906269,1.11539171164,-2.10094169326,11.5927120624,5.22285189211,0
570,-6.75750463889,0.0502375724224,-1.96938199429,12.2326079955,2.69834271302,0
571,-5.89994383857,-0.932857311924,-1.97900365797,12.3315895259,5.21213207393,1
572,-7.18407585435,4.94456290437,-2.03647998154,11.4406886387,1.25208506183,0
573,-4.98640918471,5.51026631637,-1.97300496199,11.3458963497,4.21065804468,1
574,-7.20146329496,1.3291147851,-2.01172071157,9.95255850679,7.68537666168,0
575,-5.29349578915,3.40925074567,-1.9183175969,11.6787726993,7.8660636446,1
576,-6.15619595478,-0.839471724356,-1.91891914057,11.770780593,7.57053746371,1
577,-8.06779245667,2.04439515761,-1.93136023043,11.3217198067,1.27416912079,0
578,-5.25992211011,4.56207361085,-2.15356553446,10.3109370972,8.96190851006,1
579,-5.22027205288,-0.826765186332,-1.92724303484,11.7368859809,4.25020976083,1
580,-3.52568632005,0.665104927554,-1.99975517246,10.505700822,5.9589105417,1
581,-3.42370650085,4.98342115511,-2.02716841665,10.831747682,9.52215340938,1
582,-6.13999097412,2.24298007415,-2.02806425191,12.1124868536,4.11963382695,1
583,-7.51809617283,2.50416612413,-2.12520970405,10.5917935802,6.49263245653,0
584,-7.08874634097,1.3351646622,-2.08271073498,11.8520872566,2.45228732233,0
585,-7.24076464671,2.1089257334,-2.08188577295,11.0661616066,5.4354402181,0
586,-4.01396878987,3.10710921548,-1.98866139392,10.5400688334,9.24909907212,1
587,-5.92922311568,5.47826492753,-1.97115545031,10.6756761778,6.29007804483,1
588,-5.83234578856,0.285032214637,-2.13867762675,9.96634258112,6.06528150688,0
589,-7.28325132085,5.41762581589,-1.9477258061,11.1515076534,3.6486426088,1
590,-3.95026993459,-0.904551660018,-2.03958957894,11.5554445911,8.37050737061,1
591,-3.95741755503,0.739649530107,-1.96123677647,11.780773945,6.20752819872,1
592,-3.23074850042,2.73745891068,-1.99451382835,12.2559736142,3.05656383514,1
593,-5.48199884046,-0.902445284078,-1.96947641162,11.1294577666,1.70605789736,0
594,-3.93054884541,2.73054225048,-1.93423460373,11.6321413759,1.53742654221,1
595,-7.08924925898,5.53850478929,-2.05969291245,10.6729815174,1.29073184761,0
596,-4.85552040323,-0.46575984399,-2.15209251071,11.7162316375,5.57830078308,0
597,-6.20190846875,-0.198359674196,-2.09138567875,10.7756439175,8.8668842958,0
598,-5.93981179963,0.304133207564,-2.16074297589,11.0467477765,8.66657421465,0
599,-6.15728212843,3.84612738975,-2.00119654947,10.8543170444,3.70856086489,0
600,-7.53650731496,0.807409793883,-2.02525782552,12.0937601571,4.96388678698,0
601,-3.51415658657,4.34794826643,-2.18615350563,11.5983617747,3.58802648368,1
602,-4.69001527183,0.539116416731,-2.05939487502,12.266646798,9.53248874887,1
603,-7.24886458249,-0.51336652398,-2.1083162505,9.93208471654,1.62629869856,0
604,-3.91319332612,4.09722177388,-1.96063138828,10.5635537421,9.36668952459,1
605,-6.74858182901,2.01483842242,-2.12162457747,10.3173807155,8.87777573621,0
606,-5.45755420745,-0.199288529227,-1.99929142809,10.3463660921,1.26539571341,0
607,-6.33358278517,3.57845726498,-2.01934407971,9.83595191037,5.71244585093,0
608,-5.50077849378,1.55175149775,-1.94533807833,11.3379611238,4.52347035326,1
609,-7.64349895746,5.26500981308,-2.04470498637,12.2067797685,7.32262181245,1
610,-7.27669814538,2.68609164499,-1.92897223526,11.6357901357,2.85672768611,1
611,-4.24785062325,3.90819431315,-2.07478687858,,2.84134038599,0
612,-3.56385994549,4.01262861054,-1.92214740975,11.5407490088,5.65247815142,1
613,-6.62901304228,3.71280090867,-2.16947509169,9.85580052709,4.99530888255,0
614,-5.32278637092,-0.736617249978,-1.91055969997,10.0937734968,8.6215460135,1
615,-4.27791057031,3.23348918445,-2.15383026261,11.294495719,9.6183172593,1
616,-5.80338374803,1.60034167282,-2.04469931165,10.4488894678,1.276842702,0
617,-8.13382276979,2.14817550767,-2.14462290026,12.3623842896,9.74217737744,1
618,-3.51230895796,0.846647096135,-2.0139542563,10.0118326741,6.72529429873,1
619,-4.71192745789,5.08193327845,-1.98997004973,12.2716957246,3.60452039262,1
620,-6.91036159827,4.35360573014,-1.91691078254,11.3357914914,3.00947471672,1
621,-5.5857519105,3.26951270207,-2.02004808878,12.0374751905,1.45084689421,1
622,-6.06569852503,-0.525377109084,-2.15287555286,12.1506624991,8.50531244699,0
623,-4.68793515293,5.53261514675,-1.97050958763,9.93076510939,5.39473741883,1
624,-3.92553051197,5.60716717056,1000.0,12.0153646128,4.02200170013,1
625,-4.59260898569,1.70566798794,-2.1621562997,11.3505428601,9.35899086513,1
626,-6.34874475447,3.97615652812,-2.08747554349,12.0321367985,4.52157173332,1
627,-6.43134400901,1.83679454745,-2.13918795366,11.341997049,3.79496067545,0
628,-3.21464379748,1.25275317051,-2.03306982702,11.168347913,5.82931021011,1
629,-4.52909048372,5.56035052791,-2.10317588883,11.6802912398,4.03527316434,1
630,-8.13968237163,1.05460859936,-1.92983872534,10.6479101369,5.51516295101,0
631,-5.64379833799,0.795563195531,-2.15627090885,10.5070708793,5.80484302132,0
632,-7.39421544089,0.963778978378,-2.05370150149,10.5038588979,4.06162465389,0
633,-6.31732083105,5.01546698114,-2.13605366088,11.5968063874,2.04901706728,0
634,-5.41672950595,4.40589836205,-2.14384301468,10.3240995919,9.1183277595,1
635,-4.81284676824,2.39986358738,-2.12849659988,11.0769330943,7.35258612434,1
636,-7.89360434601,4.62996938305,-2.00336115036,11.5031026121,1.37930509125,0
637,-3.72467626612,3.49920471726,-2.12190764446,11.0558213375,1.55702163431,0
638,-6.95985734547,4.149128489,-1.91629862299,9.86098666991,9.92238768107,1
639,-5.81960456226,2.66873759196,-2.14660023598,11.9221275672,7.74140053233,1
640,-5.28943350282,5.36077971948,-1.91469524545,12.2304662518,3.91121582825,1
641,-4.27232922783,3.16042238065,-1.94733337503,11.9428866617,6.44938123065,1
642,-4.01543818174,-0.252797975587,-2.01579450734,12.3573369688,,1
643,-7.62122025979,1000.0,-2.01055238488,12.2935208687,2.23577226826,0
644,-4.11907657298,4.57651539677,-2.15174372911,10.3643874452,1.2745813231,0
645,-7.8705209132,2.83500052078,-2.02543482585,11.8934988171,9.82371649565,1
646,-4.31340959288,2.94188389432,-2.04093363057,9.93426263847,7.75607100358,1
647,-4.87880760894,5.43951344817,-2.17018211364,11.8318842027,8.55172750528,1
648,-5.98825882082,1.4561954279,-1.98102281123,11.2186411458,2.2745356684,0
649,-4.426504024,3.98195891619,-2.11109664289,11.4285607846,1.95324122202,0
650,-7.49086655073,5.2064459273,-1.96579062371,10.8241881221,5.2242039497,1
651,-3.91244209516,2.80307853642,-2.13959123712,11.3875652778,3.71349235575,0
652,-3.94318834896,-0.57215972571,-1.9365512301,11.5130113505,7.85597565997,1
653,-4.54848044728,5.13228196186,-1.96880241686,10.4742366233,9.78682074204,1
654,-5.38148458503,3.21936229841,-2.10657898851,10.0565091618,4.10932615865,0
655,-6.03635915191,2.7060720021,-1.93796187108,11.9431348875,5.34215858484,1
656,-5.36763201883,0.865591622978,-1.98267090336,11.9298276575,3.40157335447,1
657,-6.28555171347,0.843413332571,-2.04170031733,12.0643829978,7.29401360333,1
658,-7.01143138607,4.67628917302,-2.01724012673,12.1497324521,6.20540682083,1
659,-6.25097011,5.56718104757,-2.16082918141,11.9110323669,9.01907873808,1
660,-7.32980950233,3.63751360316,-1.9202680176,11.7281441681,4.17865139507,1
661,-4.79768602339,3.22119041511,-2.1801903515,9.84494412708,7.38447135211,0
662,-3.3108602083,4.21680600554,-2.08214552519,11.7937870799,5.37954959304,1
663,-6.2777641333,5.68440128005,-2.17393564532,12.1931752021,7.81485946486,1
664,-6.87166845734,3.33085902156,-2.03259858185,10.4002414922,7.72367385935,0
665,-5.60155559562,2.88605940992,-2.08504486159,10.6076028546,10.0291414821,1
666,-4.66332257264,2.86373354375,-1.91177635226,11.602982454,5.29858810659,1
667,-5.53132766331,1.39016282978,-2.11501153611,11.6938803575,9.1026493908,1
668,-4.53715248247,1.79904515443,-2.03831145761,11.8117392518,9.9716494364,1
669,-6.52633222441,0.768173478063,-2.03969510554,9.94484244018,8.11950087926,0
670,-3.20146036322,3.84020923952,-2.17539685364,11.2365592107,8.13877531642,1
671,-3.20694127342,4.17129889582,-2.05925560144,11.6388009969,8.79718071569,1
672,-6.02278056129,4.95371893325,-2.13855244944,10.154586016,9.5921000941,1
673,-5.99956573588,-0.498190800787,-2.08267748491,12.2448238244,9.50562945704,1
674,-7.24124059667,0.0260451998291,-2.08966588398,11.7303134398,4.51446137481,0
675,-3.68923635735,0.0734244316106,-1.91248582257,10.6646431878,8.62124499943,1
676,-6.85954122185,4.34298808999,-2.05167759436,11.0059713931,2.97466790631,0
677,-5.04256725979,4.3852622907,-1.91938387554,11.9030648983,2.46271913521,1
678,-6.92850183004,-0.479625924597,-2.06266014797,11.8559298645,2.43196318778,0
679,-6.2843390624,4.71824281278,-1.97752692013,10.7108560801,8.17109342082,1
680,-5.66208639914,3.56930422455,-1.95319929545,10.7951524721,5.9747073956,1
681,-4.11358880094,1.26406321371,-2.13143691184,11.3287083453,8.92268428693,1
682,-5.31901661685,5.74876888578,-2.00469519346,11.0848529398,,1
683,-4.35534822852,5.44340946901,-2.02026870587,11.2889700319,5.21807968719,1
684,-4.69224313201,3.66963302932,-2.15156750926,11.79935913,1.67549931845,0
685,-6.51497686586,0.107804172355,-2.04935012068,12.3168643747,9.14870653222,1
686,-5.892983507,3.71107635085,-2.05747735036,10.8897684632,1.66453578053,0
687,-5.90210723529,2.73767572357,-1.95570255478,11.5833883267,1.72165639106,1
688,-3.47634852822,3.57410206961,-2.16377392812,10.0963606398,3.85253834366,0
689,-6.24350918595,5.0233052682,-1.95560551314,10.7216317943,5.28210299869,1
690,-5.15784002818,1.84006611158,-2.06229208296,10.1415719468,8.05872126431,0
691,-4.98611150802,4.3736151704,-1.91122503014,11.4259936806,7.06406392906,1
692,-6.02988946978,3.4172691613,-2.12715186528,11.9691838894,5.30879010675,1
693,-5.58580014938,1000.0,-1.98842695774,11.0128012527,2.11969558493,1
694,-6.60494069323,-0.105149230682,-2.14188799496,9.88318435558,1.54374769632,0
695,-4.57483011794,4.21337730066,-2.1457466468,10.2749106144,7.49573691994,1
696,-3.45008450701,1.97687938253,-1.93004820168,12.1264174374,2.09967124469,1
697,-4.22655268355,0.308585045647,-2.17529093383,12.07835751,5.39835682254,0
698,-4.8359065739,3.02940620961,-1.94515064951,11.8523120852,3.86820723165,1
699,-7.77648056863,2.76577414417,-2.14071930405,10.4260852936,2.20938066443,0
700,-5.80196025799,3.13018206381,-2.08029462242,11.5881406902,4.18018887514,0
701,-5.48732188893,-0.574738837689,-2.06290001172,10.1878635746,8.53657074841,0
702,-7.69666543711,-0.176188796723,-1.96119273561,10.2860809792,7.05535105758,0
703,-7.15181155837,3.59149465313,-1.97900255574,,5.01304779298,0
704,-6.08564965823,5.11756569706,-2.06701631835,10.979320952,5.80806947805,1
705,-5.50647779795,3.28267413329,-1.9497624489,11.9102303192,4.74748170099,1
706,-5.31228305295,0.186791112483,-2.11906434586,10.4364829638,8.28212971991,0
707,-6.32626108522,5.34761853967,-1.94524329474,12.2999038191,5.30028296635,1
708,-4.25259372876,3.7459817782,-2.10642458807,11.6546148701,7.41147676232,1
709,-3.5721372822,0.443269897237,-2.17544930699,10.3624448046,4.46105956379,0
710,-4.50784443201,1.25330356562,-2.17288185232,11.8007755332,2.75174071819,0
711,-7.42444462975,3.05136789767,-2.0944836938,11.4741155896,3.19933783984,0
712,-4.21451079595,4.65404093,-1.90968598241,10.1427242293,1.69515460031,1
713,-6.5046569955,0.911979158978,-2.03316225849,11.9730935618,8.81079165729,1
714,-6.39367936985,1.83600424599,-2.00953593554,12.0777714798,2.60359589122,0
715,-6.65446175312,-0.725360823442,-2.15668335254,11.724820332,1.37563044579,0
716,-7.65030870512,3.80047141444,-2.00436994348,11.6396577219,4.62885214239,1
717,-5.38112486932,-0.499086220548,-2.1606438806,11.9171727287,6.8073435439,0
718,-6.35014921202,2.19458830178,-1.92998292314,10.7961800335,5.85070712671,1
719,-6.83127199094,5.69759280457,-2.16376014008,11.427362645,3.84949793294,0
720,-3.90538279263,1.86037662179,-2.00168958667,11.6653514393,2.83231178632,1
721,-5.07974369442,5.51599415565,-2.06007674608,10.0170415886,1000.0,0
722,-4.21730146197,5.39650056911,-2.17721375128,12.2632401837,2.3225749725,1
723,-6.13970332227,-0.954282811447,-2.00886979282,10.4296239883,4.2201504749,0
724,-7.89639806709,4.41050328508,-1.94810528467,11.1379697404,9.59708598052,1
725,-5.88408897511,0.750011892879,-2.09437576189,11.0082313771,4.54413706707,0
726,-4.65934082541,-0.718825344899,-1.93422121234,10.8103033646,4.07380354301,0
727,-5.07053311477,1.35699808729,-2.16424645114,10.3733883803,3.48980838981,0
728,-7.10643746885,2.55933122603,-2.16185512128,9.93428573159,9.0789145597,0
729,-3.95881723622,1.44731549761,-1.99990991867,11.707858105,4.69400506221,1
730,-4.58741198562,2.75683900321,-2.06581696523,12.0668259938,7.46994490986,1
731,-6.74387707842,5.24708533252,-1.94063292004,9.87531977098,7.23380285599,1
732,-3.68404013175,-0.709582711658,-2.14379504028,11.9180297736,5.78828641288,0
733,-5.28703909026,2.67013538349,-2.17062417486,11.3014140128,7.88363352554,0
734,-5.12867428825,0.991240080304,-2.09269344163,10.6494877224,7.65732033095,0
735,-7.56703278492,0.484570268913,-1.92245874268,11.4029784195,9.77127557083,1
736,-3.8898930199,1.44244337611,,11.66462369,8.56339279403,1
737,-3.29593527988,3.81494099324,-2.04158073202,12.1948233188,2.64249770912,1
738,-7.18280443173,1.93891980502,-1.9484738375,11.1995944906,6.42511866929,1
739,-7.67019955061,2.67065026677,-2.04321654382,11.5433637789,4.71102042366,0
740,-3.92053904334,0.309568809056,-1.92365175482,12.2591843371,8.7491048548,1
741,-6.42217680414,2.86687442629,-2.14893969585,9.91661681921,10.0960038329,0
742,-7.95600180214,0.0956470921181,-2.05224991393,11.2303229309,8.65161772854,0
743,-7.7446407436,1.56903197802,-2.18025342026,11.6660159824,4.30745616641,0
744,-4.20746387992,1.10664217026,-1.95348879504,11.8907020754,3.31443785872,1
745,-5.2500545191,5.62799369527,-2.04918135934,11.2493868464,5.90387746036,1
746,-5.14815489128,1.85732597698,-1.98807139232,11.5285976895,4.39453893347,1
747,-3.40208528595,0.947659129057,-1.93478936821,10.988204331,4.10058348182,1
748,-4.24606570975,4.0304212224,-1.96108436745,10.7008408945,,1
749,-4.67906811881,3.82101019977,-2.12179436799,12.2807896678,4.08923912385,1
750,-4.09029871353,-0.545578371139,-1.94961396906,12.0422190732,7.19662587723,1
751,,5.30008537566,-1.92106475001,10.4071148133,4.2694939992,1
752,-5.37296151131,-0.48161307402,-2.0470927617,11.3004040054,7.65876193073,0
753,1000.0,0.126822286752,-1.94121496938,11.3428953923,6.45465086735,1
754,-3.54599944625,3.48565544153,-2.0913285004,11.4190890733,2.50418955782,1
755,-5.8474111612,2.86542647849,-2.07449174601,10.9464990294,7.1878874648,1
756,-3.63243176787,0.781535597314,-1.96717046496,10.1413897517,2.61864506038,0
757,-5.64254990277,0.783445299779,-1.92845167086,11.4039428898,3.23341901983,1
758,-5.96425615761,2.16511768392,-1.91592686631,11.2570368495,2.05479397259,1
759,-4.92273161943,3.23107656587,-1.96818980696,11.6556335292,5.92691195088,1
760,-8.09693991362,4.93628980691,-2.03802209419,11.3821345502,3.67929185428,0
761,-6.85254501171,1.50917179646,-2.0483456229,11.9116195992,2.53589956933,0
762,-4.64643617674,0.436779561235,-2.18371205973,10.676315446,2.38734761208,0
763,-4.17504024992,0.620442468125,-2.18338474902,9.95425645097,9.9825320021,0
764,-6.728154835,5.28803815545,-1.96464668422,10.8361830906,7.50723651587,1
765,-8.05220434969,3.59070825165,-1.99870700124,11.2295819004,5.35391572159,0
766,-7.92539814878,0.321249255769,-2.14597480772,1000.0,1.31963092744,0
767,-7.49040623093,5.73864129964,-2.03607387035,10.2222859532,5.37561306097,0
768,-7.38607752251,1.76425635881,-2.05877941308,12.2919181656,9.81165646263,1
769,-6.61042773395,2.07720033206,-2.04570178752,1000.0,8.06505421433,1
770,-7.04703266324,5.38796329734,-1.97498203121,12.0445255668,7.05882433174,1
771,-5.45516559663,-0.935296815772,-2.06458853385,12.3525853861,9.30880313852,1
772,-5.98163461737,0.0798937510387,-2.11604706984,11.9575179251,3.39565230167,0
773,-3.38271571834,2.57644601547,-2.12540326425,10.3307796938,4.10586451141,0
774,-4.97981146994,2.20057742598,-1.99048293693,12.2974983946,5.36080736448,1
775,-4.73902758185,0.0567299774436,-1.92538403256,11.4930919702,1.93667795317,1
776,-8.09781039001,-0.71562812175,-2.03758062045,9.83711386067,4.65861410686,0
777,-5.10951889655,0.305385410266,-2.09822921246,10.646759587,9.36898977089,0
778,-5.2233895123,5.58396040653,-2.17311896847,10.6989036385,3.42650068807,0
779,-4.85247371036,5.25698751636,-2.13306078681,11.8819425275,6.00490731639,1
780,-7.80787993768,4.31590172709,-1.97895671081,12.2288178181,7.62017625829,1
781,-3.34996285595,3.74531197664,-2.00520546754,10.4612652807,6.20001468746,1
782,-3.20930735682,0.432817696048,-1.90838614517,10.1788353574,7.36925192794,1
783,-5.10772430477,3.24547615715,-2.05596134286,11.5536206496,7.16901845328,1
784,-8.02059730206,-0.189919874497,-2.10007123831,10.8522122229,9.91436520743,0
785,-6.39384411302,0.196815544535,-1.99023959088,11.2048625167,3.35832805458,0
786,-7.31064806344,-0.363329671306,-1.96754781028,10.3692472154,4.78994176269,0
787,-5.36438356877,2.29716370429,-2.03058036589,11.0856885392,6.03762797774,1
788,-4.63471064123,4.20178507169,-2.13151483989,10.8874781077,6.40700685975,1
789,-3.89118188879,4.85538803863,-1.92943456498,10.6292574935,7.15305774243,1
790,-5.58890831828,1.26098812131,-1.9666611308,11.9291949548,2.66554443764,1
791,-6.58727909041,1.26254117169,-1.96502462805,10.6915291845,4.27637458606,0
792,-3.93459385569,0.626149973043,-2.05953249269,9.92884643415,3.74744218487,0
793,-6.36573420505,2.40530091846,-2.03190101324,10.0827433703,9.52114842507,0
794,-3.19871440269,5.74626264526,-2.14970585468,11.7572561028,1.88971064127,1
795,-6.36242599254,-0.960438510587,-2.09089504515,10.4384244137,1.40996429346,0
796,-7.81755304805,0.460338651146,-2.18400418985,11.8797329846,6.73849456649,0
797,-6.50262923977,4.8283502088,-2.01373615138,11.9932045458,7.42995352808,1
798,-3.6892444227,-0.397442227901,-1.98848974403,12.3140302704,9.10163050136,1
799,-6.81674032888,3.54473191642,-1.91013995646,10.1643381766,4.23945119727,0
800,-5.02175033075,4.90865997817,-1.94320379829,11.6817579071,4.21286454079,1
801,-4.67701111751,-0.138602773654,-2.07532920631,11.0991597991,9.84121589641,1
802,-4.45916168965,0.0483288147332,-2.04650547493,10.5253092567,6.41034977447,0
803,-4.9668935767,3.17183588058,-2.04589386318,12.190162212,7.49380570335,1
804,-3.33779278378,5.68660078225,-2.01383599617,11.680438168,1.35538983674,1
805,-5.38275377727,5.14453949266,-1.99383537043,10.3019614901,7.76887077676,1
806,-7.10438454397,0.483226697943,-2.14891812626,12.3234169354,9.45219147556,0
807,-7.07429307753,3.18813064898,-2.08748056035,10.0096551128,3.83393855673,0
808,-3.79032642645,0.615451146864,-2.05186257293,11.0331585958,8.79570532724,1
809,-4.56391663136,2.24164573834,-2.1206007228,11.1051565681,4.25365117535,0
810,-5.49836417015,0.466694433458,-2.099986117,11.4722451932,5.78005050274,0
811,-5.96874074807,0.434964174315,-2.06586092944,11.674267832,8.84281779476,1
812,-3.91635952633,2.16147460549,-1.90940644876,10.8606250367,2.47860976885,1
813,-7.47464096121,2.30552039113,-1.98255985465,12.1043861247,3.9140537986,1
814,-5.38708827838,0.433362165038,-2.01193585147,11.0425443982,3.79068819035,0
815,-3.41197544633,1.1811310169,-2.13884604339,11.0406447465,8.50767261039,1
816,-6.37226651335,-0.887183010193,-1.92918833866,12.2168258228,3.79323374099,1
817,-3.83887996023,-0.647844608562,-2.06413314611,10.93046062,6.10804910814,0
818,-4.21862791823,1.55816297407,-2.10850381932,9.84279317185,4.30894841746,0
819,-5.06307862029,,-2.18706158213,10.7613717392,1.94978251692,0
820,-5.17812268272,4.83268718938,-1.977424394,11.6193128448,1000.0,1
821,-5.22629536639,0.0494627190818,-2.11542405958,10.2529550344,2.07832310914,0
822,-7.36241997476,3.37203787108,-2.04871377538,12.0949197841,3.35021050199,0
823,-5.79377045208,1.4710347222,-2.07301394099,9.87196469203,8.34429717753,0
824,-4.10654922737,3.73952674504,-1.95858226003,11.4341967121,9.00791106162,1
825,-3.86644109128,5.12595618442,-2.04266730564,10.6210073357,5.09638490861,1
826,-4.26039105081,0.304980262394,-1.99016929692,11.3836129863,5.97612273242,1
827,-3.27903462252,-0.900470312514,-2.15432398067,9.9318185471,4.42319453266,0
828,-3.32563745456,3.87328165332,-1.97441846107,10.8233440901,2.85542112722,1
829,-4.08197968625,1.40206662702,-2.02372736917,10.338247176,3.39354822382,0
830,-6.31646044195,2.91647052593,-2.1757418256,11.0135988166,8.50477422725,0
831,-3.9598595969,-0.240143959125,-1.96917498934,10.3399587975,2.31886172655,0
832,-5.66481169164,5.12652460218,-2.06043899035,11.9514943563,4.67488794968,1
833,-8.10509141612,3.26645457693,-1.9272203306,11.028676201,5.45381388445,1
834,-6.2839592782,3.85514810138,-2.1516718867,10.2064575823,2.6448779345,0
835,-3.74558719025,5.42194685285,-2.1102389912,11.9579639673,7.63619787869,1
836,-3.77996164091,4.18414524985,-2.05548208963,11.7711308479,7.92419488392,1
837,-5.66409693717,1.21198212831,-2.06164044298,10.2349416041,3.34363472082,0
838,-7.18579088555,3.51123096134,-2.03059156306,10.0869483772,9.89692107105,0
839,-6.72096630523,-0.455397280684,-2.15986166102,12.17633461,5.15903927649,0
840,-5.61655040182,-0.371920382644,-2.08926055567,10.8140346869,10.0182328136,0
841,-3.81921956526,0.435536219849,-2.06890378948,9.99552861932,6.90661937655,0
842,-6.45662666886,1.18788549204,-2.10081905193,10.0996117787,4.04893744899,0
843,-6.72243101119,2.3399549218,-2.0418214696,10.180472571,6.35513669256,0
844,-6.93906608712,0.00713071185368,-1.97165024501,10.0450224844,4.98091243225,0
845,-6.95023884306,0.622971207583,-1.92785840327,11.0327518114,2.59186495107,0
846,-7.26288434629,1.15829990916,-2.12711683766,12.0035011734,7.4096014536,0
847,-3.88976617117,4.77318882642,-1.97935984173,10.823125348,10.0232813728,1
848,-4.12866424084,0.670967063566,-2.01854655407,12.1470172332,6.65083954829,1
849,-7.03229865043,1.03002406475,-1.9803854121,11.7574139661,1.23526234287,0
850,-5.28009274425,4.58645973152,-2.00397033599,11.3510692122,9.92779317257,1
851,-5.05548105705,2.69151625119,-2.14599541423,11.6459944539,8.23525403279,1
852,-7.98385384722,3.78493749207,-1.91694587303,12.2887503904,6.27011180331,1
853,-8.11971070872,0.86552076857,-2.07434774795,10.3567067089,2.96163134514,0
854,-7.11449323159,2.20145112478,-1.94357099165,11.5127073965,7.6831148154,1
855,-6.2633975576,1.38829855625,-2.14626439629,10.2010227082,9.53696775257,0
856,-3.60090047217,-0.476428213191,-2.09907901397,12.1241726075,4.62562151918,1
857,-4.62068553913,0.345813471886,-2.17739414192,11.5229398748,7.7212425807,0
858,-4.43870650504,3.14242696682,-1.94651961308,10.9515587413,9.80489642009,1
859,-6.07008893886,1.94558983975,-2.01786010474,11.6347214797,2.10666252306,0
860,-7.65051220167,1000.0,-2.12568749608,10.580416362,1.44378673141,0
861,-4.85877105847,0.215667749645,-2.08480932962,11.1692074841,9.95156458871,1
862,-7.62324396645,2.0774754646,-1.93801602016,11.9498869865,6.2242176949,1
863,-6.03585861408,5.62702639077,-1.99285342635,12.3608635934,3.5372358226,1
864,-6.65910094783,1.30144894303,-2.0503866384,10.4980526651,9.26064759759,0
865,-4.2802394632,-0.253315886142,-2.00986842501,10.9052960921,3.44513635187,0
866,-6.37106117836,1.81968607456,-2.06360490324,11.327380656,4.87958775911,0
867,-7.55431737,5.69146528842,-2.02079741356,10.8095976718,6.08898312186,1
868,-7.56346264761,-0.132122068596,-2.08342210594,9.97776226802,2.89945452841,0
869,-4.20449966194,1.35442499354,-2.11616006666,11.5441120042,4.9255503414,0
870,-3.75133698281,4.77101911633,-1.93494796426,10.2151125053,5.57800841776,1
871,-4.12435379024,0.918559616586,-1.95241971412,11.3524116209,3.21232460726,1
872,-6.85644259229,1.95296573601,-2.07121507445,10.6401975902,3.16034077102,0
873,-3.54778155536,-0.281248659091,-2.14766884394,11.5068054906,10.1875139053,1
874,-6.78008327411,4.03849975214,-1.99606428447,11.0804813968,7.08302889349,1
875,-6.60957006455,-0.31111987143,-2.15965723228,11.7743296525,6.7528746711,0
876,-4.21427637325,2.36556631861,-2.15737598594,11.6298297071,7.65021169057,1
877,-4.39975736775,4.84785720506,-2.11623911113,11.2242765959,1000.0,1
878,-7.07610277143,5.00802580696,-2.01028318429,9.94364698686,6.25045694521,0
879,-7.58374315233,2.07114187965,-2.10902914322,12.1610948955,1.4233325396,0
880,-6.09791605173,2.30605654134,-2.04472837403,11.592748617,4.36256149391,0
881,-6.48067000173,4.84139764223,-2.0970610076,11.7113643141,8.71579796942,1
882,-7.0188363167,4.42745372332,-2.03288160278,11.5673946663,5.26825503052,1
883,-7.46307843081,0.370827852786,-1.99798469665,10.474581847,9.02236618603,0
884,-3.9737210475,-0.871894853132,-2.08170200894,11.7643673993,4.72109204316,0
885,-4.81005802902,1.78598215196,-2.06670946838,11.4952675097,7.17446664932,1
886,-3.8137698471,0.602365805074,-2.14493821338,10.8177572424,1.78224216267,0
887,-4.63575564857,0.674591999351,-2.13226660489,12.0840193004,8.89210224918,1
888,-5.4119686532,3.70065194564,-1.93150271717,11.7164467691,6.95582865478,1
889,-7.82999176947,5.09925688127,-2.16983158217,10.3677000797,4.35544772403,0
890,-4.371530375,3.33890250366,-2.18038159753,10.1785175243,7.76103188899,0
891,-5.46952430569,1.86386587143,-1.95597390237,11.3952301969,4.12142164369,1
892,-7.87903978369,5.00634732853,-1.96964562135,11.2158308091,8.74075975254,1
893,-3.9540507528,0.868852665528,-2.0084572854,11.7814263027,3.61203134658,1
894,-7.27637313586,3.780070561,-2.09634476326,12.3096264953,5.86660166701,1
895,-4.26069050851,2.99695168544,-1.93063929686,10.141755584,9.36895539103,1
896,-3.96489010249,4.80935892859,-2.11639304435,10.2936445389,4.43096346428,0
897,-5.97887873314,1.00455662735,-2.10044281948,11.8845957597,1.85200079073,0
898,-6.71114721169,4.19646223107,-1.99818681008,10.1193822159,9.30018488986,1
899,-3.89610620903,0.729874669151,-2.08240292213,10.2087771616,9.20684792747,1
900,-5.20371228789,3.02558911895,-2.03389483025,10.9232540021,3.6428514972,0
901,-7.18464190758,-0.737928299984,-2.10532331236,11.8772667653,8.02015950442,0
902,-5.91690868871,5.42962080244,-2.05030838945,11.6357810603,9.75275914908,1
903,-7.40496841464,4.02449224811,-1.91231895244,11.0071180054,3.16064004635,1
904,-7.80766075561,0.555265364796,-2.13457402435,11.0324049121,5.69319483276,0
905,-6.51428125781,0.177173018113,-2.17224969159,11.5952255808,7.87313305337,0
906,-5.5926867712,2.50009125582,-2.09328774192,11.2730660082,5.28103893965,0
907,-3.22149483487,-0.0674579289127,-2.15690183787,11.2338789581,3.03139196773,0
908,-6.08102010184,0.133714922449,-2.14274978002,11.9283965865,9.28127200118,0
909,-5.37326521757,2.07565086604,-2.01532904705,11.6410652941,9.98171075562,1
910,-4.58999613394,5.32673322595,-1.986613492,12.0147798514,8.36389133659,1
911,-6.93052612418,3.87588876057,-1.92486087386,11.2443238886,1.55870173096,0
912,-7.60746912329,3.97235095966,-2.05789383991,11.8872483525,1.46635414295,0
913,-3.75921881955,2.01242854895,-2.05143596761,10.7225746011,7.50984074149,1
914,-5.46930294602,4.4952095468,-2.15746073019,10.9810285455,5.89123419876,0
915,-6.07350898465,3.55706531931,-2.15080922011,12.2768978839,1.23488197045,0
916,-7.21245947763,-0.797237983852,-1.930700585,11.8213676805,1.85104088342,0
917,-6.66337877045,1.79876301297,-2.00602810952,11.1478842535,9.52037249731,1
918,-4.02597561875,1.01206406694,-1.92259079522,11.4748531036,7.55883787344,1
919,-6.58729293864,0.982016863628,-2.17914924331,12.1302992811,3.351181139,0
920,-7.48712687205,5.42559150058,-2.10323335112,12.3130828465,8.10360779309,1
921,-3.24081699137,-0.983164698875,-2.13799430869,10.737296051,5.89860096346,0
922,-7.52529021062,1.00015980228,-2.03165484737,11.3548560599,7.59819758799,0
923,-5.1491386059,-0.494595637194,-2.18498109791,10.7234524822,5.41182178914,0
924,-6.17552148986,0.541018253731,-2.02578834221,1000.0,4.46416169132,0
925,-5.0185468047,2.35924822788,-2.00593161916,10.5476856787,1.78934924224,0
926,-3.20743859721,2.1632122094,-2.11946423968,12.2307897229,9.9202482713,1
927,-8.14437557168,1.03739216563,-2.08695859285,11.4062214155,2.9377823088,0
928,-4.34381894869,4.60794766348,-2.08573389859,11.0771102323,2.37574700185,1
929,-7.43665218224,5.75159729927,-2.05672796187,12.3198199648,9.66175781307,1
930,-6.25638588111,5.62412450305,-2.14833929688,11.7636506129,5.97551033295,1
931,-6.67053952833,-0.334927426509,-2.15370444149,10.047944677,9.64521718171,0
932,-7.73736683839,1.32503477735,-2.03197522142,10.3019190867,7.27244001206,0
933,-5.01775395164,0.0404349677873,-1.98585286854,9.87277209078,2.03375528606,0
934,-7.91765420294,1.11716689929,-2.03418466708,12.1096970763,9.19589818442,1
935,-3.93302935193,4.43230360621,-2.15130430862,11.6541997218,3.83041912548,1
936,-6.84893666857,5.46884894708,-2.12723732325,11.2440361531,8.94328140719,1
937,-4.04586939531,2.72652180039,-2.13097507624,11.2662131879,6.8294211704,1
938,-6.41779677151,-0.271669845678,-2.15488754442,12.1708243358,6.98646957714,0
939,-7.24746277571,2.65334969567,-1.9349011109,1000.0,7.6121207564,1
940,-6.73126004424,-0.589267239601,-2.07528302536,11.9314982277,6.72890650142,0
941,-7.49814897819,0.61323834544,-2.13005608274,10.3493408957,6.87906699719,0
942,-6.26301032467,3.55732407145,-1.96265750818,12.1271125589,7.1923266917,1
943,-6.77749295034,1.71397244659,-2.14046758244,12.1105410533,2.25023576268,0
944,-4.01646705101,2.09901007017,-2.00414463794,10.1236452551,9.48685417869,1
945,-6.25277644029,-0.682435627276,-2.1648079345,11.7429158855,3.93112998798,0
946,-4.44768136002,2.71345487052,-1.97973285893,11.0333330228,7.43761159967,1
947,-7.73958479962,2.89311837709,-2.07555217757,12.0676004023,3.02126432207,0
948,-4.26851403833,-0.423142174889,-1.96586730488,11.2919267668,1.47744436498,0
949,-3.2532002045,0.911791460054,-2.0828934962,12.1474833409,4.64735362774,1
950,-6.76800408126,-0.489230099523,-2.01752625921,11.6653084694,2.46063844176,0
951,-5.46530773959,0.828459897273,-2.02671571688,11.988147743,9.25462785938,1
952,-4.25485271973,1.02847423929,-2.12442572278,10.8400810818,6.48214023817,0
953,-4.69564645823,5.2376546373,-2.02521846572,11.4199881113,2.1056136679,1
954,-6.10445710229,3.19761993379,-2.13500384272,12.187217995,9.04721066566,1
955,-6.2718579639,0.942265512511,-2.09226828715,10.1470134763,1.36089636188,0
956,-6.4337136104,4.36127529036,-2.13760068799,12.0722282641,7.32169665046,1
957,-5.20777163432,4.03408168501,-2.16359102664,11.8589905121,9.78318564213,1
958,-6.5739074773,5.65384164338,-2.03541586881,9.990578476,5.67252214494,0
959,-5.5152322757,0.441919215531,-2.05917785504,10.0087525614,3.27898033057,0
960,-3.63134448142,4.49394798602,-2.10432313896,12.1604670499,8.8282962481,1
961,-7.72179168994,3.49650368417,-2.00674012687,11.6676612173,1.78009493421,0
962,-5.76634280968,2.80054493416,-2.1408882436,11.0835082554,3.95174775451,0
963,-7.92925500239,4.7153260952,-1.98697365529,11.9551390832,9.99563836592,1
964,-4.47960740864,2.61391023963,-1.99445989009,12.2465910406,7.6372691419,1
965,-8.10413584587,0.79008388491,-2.09990445914,10.3775705396,2.96883757977,0
966,-5.38637864646,3.07636148934,-2.02472678138,10.3771780656,7.71854813419,1
967,-5.70610728226,0.479845205427,-2.0393710278,11.3870415726,9.86653862477,1
968,-4.89699295386,3.26412634995,-2.07492182999,11.9054134518,4.67805038524,1
969,-6.44020071824,-0.871739571622,-2.13550509569,11.6739338028,8.26480115806,0
970,-5.19235905401,-0.87132958203,-2.10883495336,10.8765508204,1.37062250299,0
971,-4.27056565071,-0.117262256378,-2.13154566125,11.2746243042,3.47884710976,0
972,-7.60111628323,1.07003337953,-1.99889967182,12.0351378742,1.72469438068,0
973,-4.65121575293,0.061517129151,-1.97903719582,10.4131212001,4.34735025453,0
974,-5.28743434598,4.2840128999,-2.11033877518,12.2517921326,3.34722572958,1
975,-5.98901672268,-0.837809631176,-2.15983171773,9.96952303453,4.74311756166,0
976,-7.59146705645,-0.935746068508,-1.91598882958,10.2661084701,4.72746940557,0
977,-4.85583607946,4.54174279778,-2.13545059657,11.2328963242,8.90739060141,1
978,-6.42899785085,3.66491682282,-2.09149465845,11.4772573041,2.57617860825,0
979,-7.42005494809,2.39940504987,-2.050506128,11.4849781267,10.1001007854,1
980,-6.72937211073,4.83179633901,-2.08816762875,11.5890490682,5.53363737278,1
981,-5.58101962215,2.4921999045,-2.02410562501,11.5375045215,2.87170845359,0
982,-5.53035824436,1.17276599207,-1.97935403495,10.5672231818,4.078325595,0
983,-6.00748661147,3.1888177783,-2.1531130969,10.4924521576,9.68221463167,0
984,-5.04483043384,3.27004881483,-1.99963370657,11.2920090053,5.3431561728,1
985,-6.18027546815,4.58191425791,-2.1810915262,12.2632900166,9.99339418079,1
986,-7.36120555292,2.55952465914,-2.16266553933,10.3217600534,1.87456519233,0
987,-5.16009233864,3.75191727174,-1.92283301749,11.6402974945,3.76926606833,1
988,-4.76543377964,5.39628500112,-1.99406341182,10.9346118123,9.27370723882,1
989,-7.66701170194,3.44197367125,-2.18435864213,11.2113219012,10.1276688098,0
990,-4.50161761122,4.38659781435,-2.10292009614,11.4750794186,1.75295027798,1
991,-7.48745033752,3.46267922236,-2.11047195112,12.2513705717,4.12796221989,0
992,-7.19680597526,1.8784134607,-2.01882475146,11.8131987747,1.69917371204,0
993,-7.11340140855,4.22177670002,-2.06843257801,10.0912860929,4.23300507451,0
994,-6.01160190135,-0.496687228675,-2.04109635032,10.1474402493,6.63366341844,0
995,-4.94456563258,4.07159803869,-1.99331426768,10.0873464834,9.48338549833,1
996,-4.99085963181,0.385556908477,-2.08809805336,10.6586562373,5.7619296943,0
997,-6.89274867988,0.654049154413,-1.91863033876,10.6416061094,7.72569579841,0
998,-5.05917477273,1.43319730092,-1.93792736357,12.0692827636,4.52600085835,1
999,-6.89110741399,3.72392324592,-2.09274773037,10.4062216953,5.1648808026,0
